<?xml version="1.0" encoding="utf-8"?>
<wm version="1.0">
	<wmconfig
		supportlanguage="ZH"
		name="wm031001"
		category="time"
		preview="preview.png"
		port_layout_gravity="bottom|right"
		port_margin_bottom="150"
		port_margin_right="8"
	    land_layout_gravity="bottom|right"
		land_margin_bottom="12"
		land_margin_right="21"
		tip_width="120"
		/>
	<linearlayout gravity="right" orientation="vertical">
	    <relativelayout h="21" backgroundpic="black_bg" >
	        <date id="date1" layout_gravity="center" paddingLeft="3" paddingRight="3" size="12" fontcolor="#ffffff" format="systemymd" 
	        shadowcolor="#b2000000" shadowx="1" shadowy="1" shadowr="2"/>
	    </relativelayout>
	    <relativelayout backgroundpic="white_bg" marginTop="4">
	        <edittext max_width="120" paddingTop="3" paddingBottom="3" paddingLeft="3" paddingRight="3" layout_gravity="center_horizontal" gravity="center" fontcolor="#000000"
	        size="14" text="water_mark_taptoinput" texttype="text" singleline="true" ellipsize="END" orientation="land"/>
	    </relativelayout>
	</linearlayout>
</wm>