﻿<?xml version="1.0" encoding="utf-8"?>
<wm version="1.0" >
	<wmconfig
		supportlanguage="ALL"
		name="wm0302"
		category="time"
		preview="preview.png"
		port_layout_gravity="bottom|left"
		port_margin_left="55"
		port_margin_bottom="30"
		land_layout_gravity="bottom|left"
		land_margin_left="40"
		land_margin_bottom="52"
		w="98"
		tip_width="98"
		tip_height="121"/>

	<image  w="98" h="3"  layout_gravity="center_horizontal" pic="line.png"/>
	<linearlayout  id="yearmonthlayout" layout_gravity="center_horizontal" orientation="horizontal" marginTop="3">
		<date size="12" format="systemym" fontcolor="#ffffffff"
		shadowcolor="#33000000" shadowx="1" shadowy="1" shadowr="1"/>
	</linearlayout>
	<image  w="98" h="3"  below="yearmonthlayout" marginTop="1"  layout_gravity="center_horizontal" pic="line.png"/>
	<date  id="day" below="yearmonthlayout" size="53" format="dd"  layout_gravity="center_horizontal" marginTop="5" fontcolor="#ffffffff"
		shadowcolor="#33000000" shadowx="1" shadowy="1" shadowr="1"/>
	<date  id="ampm" below="day" size="12" layout_gravity="center_horizontal" format="systema" fontcolor="#ffffffff" paddingTop="3"
		shadowcolor="#33000000" shadowx="1" shadowy="1" shadowr="1"/>
	<date  id="time" below="ampm" size="13" format="systemh:mm"  layout_gravity="center_horizontal" marginTop="3" fontcolor="#ffffffff"
		shadowcolor="#33000000" shadowx="1" shadowy="1" shadowr="1"/>
	<image  w="98" h="3"  below="time" marginTop="3"  layout_gravity="center_horizontal" pic="line.png"/>
</wm>