<?xml version="1.0" encoding="utf-8"?>
<wm version="1.0">
	<wmconfig
		supportlanguage="ZH"
		name="wm0309"
		category="time"
		preview="preview.png"
		port_layout_gravity="bottom|left"
		land_layout_gravity="bottom|left"
		land_margin_bottom="30"
		tip_height="152"
		tip_width="280"
	/>
	<morningornightimage id="one" w="118" h="152"/>
	<linearlayout id="timelayout" h="25" right="one" orientation="horizontal" marginTop="67">
	    <wm24hourimage  bit="2" />
		<wm24hourimage  bit="1" />
		<wm24hourimage  bit="0" />
		<image w="25" h="25" pic="dian.png"/>
	</linearlayout>
	<relativelayout right="one" below="timelayout" marginTop="6" marginLeft="2" backgroundpic="wenzi_bg">
	    <edittext max_width="160" h="20" gravity="left|center_vertical" layout_gravity="center_vertical" paddingLeft="4" paddingRight="4" 
	    size="14" text="water_mark_taptoinput" texttype="text" fontcolor="#ffffffff" shadowcolor="#59000000" shadowx="0" shadowy="0" shadowr="1" ellipsize="END"/>
	</relativelayout>
</wm>