﻿<?xml version="1.0" encoding="utf-8"?>
<wm version="1.0" >
	<wmconfig
		supportlanguage="ALL"
		name="wm0304"
		category="time"
		preview="preview.png"
		port_layout_gravity="bottom|center_horizontal"
		port_margin_bottom="138"
		land_layout_gravity="bottom|center_horizontal"
		land_margin_bottom="50"
		tip_width="340"
		tip_height="130"/>

	<monthvaluetextview id="monthvalue" type="abbreviation" marginLeft="7" paddingTop="8" paddingBottom="4"
		 size="34" fontcolor="#ffffffff" shadowcolor="#59000000" shadowx="0" shadowy="0" shadowr="1"/>
	<location  id="location1" right="monthvalue" paddingLeft="6" paddingTop="12" paddingRight="6" paddingBottom="4" max_width="245" size="13" text="other_locatonwatermark_defaultlocation"  fontcolor="#ffffffff" shadowcolor="#59000000" shadowx="0" shadowy="0" shadowr="1" ellipsize="END"/>
	<date  id="date_1" below="location1" right="monthvalue"  paddingTop="3" marginLeft="6" size="13" fontcolor="#ffffffff" format="systema systemh:mm"
	 shadowcolor="#59000000" shadowx="0" shadowy="0" shadowr="1"/>
	<monthcontentslayout id="nowmonth" below="monthvalue">
		<weekdaytitletextview id="suntiltetext" w="50" gravity="center" size="10" paddingTop="5" paddingBottom="6" marginTop="8" fontcolor="#ffffffff" text="other_calendarwatermark_sunday_abbreviate" shadowcolor="#59000000" shadowx="0" shadowy="0" shadowr="1" />
		<weekdaytitletextview id="montiltetext" right="suntiltetext" w="42" gravity="center" size="10" paddingTop="5" paddingBottom="6" marginLeft="2" marginTop="8" fontcolor="#ffffffff" text="other_calendarwatermark_monday_abbreviate" shadowcolor="#59000000" shadowx="0" shadowy="0" shadowr="1" />
		<weekdaytitletextview id="tuetiltetext" right="montiltetext" w="42" gravity="center" size="10" paddingTop="5" paddingBottom="6" marginLeft="2" marginTop="8" fontcolor="#ffffffff" text="other_calendarwatermark_tuesday_abbreviate" shadowcolor="#59000000" shadowx="0" shadowy="0" shadowr="1" />
		<weekdaytitletextview id="wedtiltetext" right="tuetiltetext" w="50" gravity="center" size="10" paddingTop="5" paddingBottom="6" marginLeft="2" marginTop="8" fontcolor="#ffffffff" text="other_calendarwatermark_wednesday_abbreviate" shadowcolor="#59000000" shadowx="0" shadowy="0" shadowr="1" />
		<weekdaytitletextview id="thutiltetext" right="wedtiltetext" w="60" gravity="center" size="10" paddingTop="5" paddingBottom="6" marginLeft="2" marginTop="8" fontcolor="#ffffffff" text="other_calendarwatermark_thursday_abbreviate" shadowcolor="#59000000" shadowx="0" shadowy="0" shadowr="1" />
		<weekdaytitletextview id="fritiltetext" right="thutiltetext" w="44" gravity="center" size="10" paddingTop="5" paddingBottom="6" marginLeft="2" marginTop="8" fontcolor="#ffffffff" text="other_calendarwatermark_friday_abbreviate" shadowcolor="#59000000" shadowx="0" shadowy="0" shadowr="1" />
		<weekdaytitletextview id="sattiltetext" right="fritiltetext" w="50" gravity="center" size="10" paddingTop="5" paddingBottom="6" marginLeft="2" marginTop="8" fontcolor="#ffffffff" text="other_calendarwatermark_saturday_abbreviate" shadowcolor="#59000000" shadowx="0" shadowy="0" shadowr="1" />
		<weekcontentslayout  id="nowweek" below="suntiltetext" marginTop="3">
			<weekdayvaluetextview id="sundaytext" w="50" h="30" size="10" gravity="center" fontcolor="#ffffffff" shadowcolor="#59000000" shadowx="0" shadowy="0" shadowr="1"/>
			<weekdayvaluetextview id="mondaytext" right="sundaytext" marginLeft="2" w="42" h="30" size="10" gravity="center" fontcolor="#ffffffff" shadowcolor="#59000000" shadowx="0" shadowy="0" shadowr="1"/>
			<weekdayvaluetextview id="tuesdaytext" right="mondaytext" marginLeft="2" w="42" h="30" size="10" gravity="center" fontcolor="#ffffffff" shadowcolor="#59000000" shadowx="0" shadowy="0" shadowr="1"/>
			<weekdayvaluetextview id="wednesdaytext" right="tuesdaytext" marginLeft="2" w="50" h="30" size="10" gravity="center" fontcolor="#ffffffff" shadowcolor="#59000000" shadowx="0" shadowy="0" shadowr="1"/>
			<weekdayvaluetextview id="thursdaytext" right="wednesdaytext" marginLeft="2" w="60" h="30" size="10" gravity="center" fontcolor="#ffffffff" shadowcolor="#59000000" shadowx="0" shadowy="0" shadowr="1"/>
			<weekdayvaluetextview id="fridaytext" right="thursdaytext" marginLeft="2" w="44" h="30" size="10" gravity="center" fontcolor="#ffffffff" shadowcolor="#59000000" shadowx="0" shadowy="0" shadowr="1"/>
			<weekdayvaluetextview id="saturdaytext" right="fridaytext" marginLeft="2" w="50" h="30" size="10" gravity="center" fontcolor="#ffffffff" shadowcolor="#59000000" shadowx="0" shadowy="0" shadowr="1"/>
			<image id="weekcontentsselectedicon"  w="43" h="30" pic="calendar_mark.png"/>
		</weekcontentslayout>
	</monthcontentslayout>
</wm>