﻿<?xml version="1.0" encoding="utf-8"?>
<wm version="1.0" >
	<wmconfig
		supportlanguage="ZH"
		name="wm0701"
		category="Sport"
		preview="preview.png"
		port_layout_gravity="bottom|center_horizontal"
		port_margin_bottom="31"
		land_layout_gravity="bottom|center_horizontal"
		land_margin_bottom="18"
		tip_width="140"
		tip_height="74"/>

	
	<relativeLayout width="wrap_content" height="43">
		<image id="@+id/image" w="43" h="43" pic="altitude_1_ic_height.png"/>
        <altitude id="@+id/altitude1"
            max_width="150" size="30" fontcolor="#ffffffff" shadowcolor="#33000000" shadowx="1" shadowy="1" shadowr="1" ellipsize="END" texttype="number|decimal" 
			text="8848"
            right="@+id/image" marginLeft="9" ellipsize="END"
            layout_gravity="center_vertical"/>
        <text id="@+id/m"
            max_width="150" size="30" fontcolor="#ffffffff" shadowcolor="#33000000" shadowx="1" shadowy="1" shadowr="1" ellipsize="END"
            right="@+id/altitude1" marginLeft="9"
            layout_gravity="center_vertical"
            text="M"/>
        <image w="2"  h="40"   id="@+id/divLine" right="@+id/m"  marginLeft="13" layout_gravity="center_horizontal" pic="altitude_1_div.png"/>
        <linearlayout orientation="vertical" marginLeft="12" right="@+id/divLine"  layout_gravity="center_vertical" gravity="center_vertical" h="40">
            <location id="location1"  size="12" max_width="150" text="other_locatonwatermark_defaultlocation"
                paddingLeft="0" paddingTop="2" paddingRight="6" paddingBottom="2" marginRight="2"  marginTop="-3" 
				fontcolor="#ffffffff" shadowcolor="#33000000" shadowx="1" shadowy="1" shadowr="1" ellipsize="END"/>
            <date size="8" format="systemymd# systema systemh:mm" fontcolor="#ffffffff" paddingLeft="0"
                shadowcolor="#66000000" shadowx="2" shadowy="2" shadowr="2" marginTop="5"/>
        </linearlayout>
	</relativeLayout>
</wm>